title,content,reads,likes,shares,comments,reads_plus_comments
Python 爬虫入门指南,学习如何使用 Python 编写简单的爬虫，抓取网页数据。,1500,200,90,50,1550
使用 BeautifulSoup 解析网页,掌握 BeautifulSoup 库，轻松解析 HTML 和 XML 数据。,1200,180,80,45,1245
Scrapy 框架实战教程,通过 Scrapy 框架快速构建高效爬虫，适用于大规模数据抓取。,1300,220,100,60,1360
爬虫与反爬虫技术,了解常见的反爬虫机制，并学习如何绕过限制。,1100,150,70,40,1140
动态网页抓取：Selenium 与 Puppeteer,使用 Selenium 和 Puppeteer 抓取动态渲染的网页内容。,1400,250,110,65,1465
爬虫数据存储与清洗,将抓取的数据存储到数据库，并进行清洗和预处理。,1000,130,60,35,1035
爬虫与 SEO 数据分析,通过爬虫抓取 SEO 数据，分析关键词排名和流量趋势。,1600,280,120,70,1670
爬虫性能优化技巧,优化爬虫性能，提高抓取速度和稳定性。,900,110,50,30,930
爬虫与 API 数据抓取,学习如何通过 API 接口抓取数据，避免直接爬取网页。,950,120,55,32,982
爬虫项目实战：SEO 工具开发,开发一个 SEO 分析工具，结合爬虫技术抓取和分析网站数据。,1700,300,130,75,1775
