序号,分类,题目
0,入门基础,安装一个第三方库的命名格式是
1,入门基础,Python 是一个
2,入门基础,在Python语言中，可以作为源文件后缀名的是
3,入门基础,以下不属于Python语言保留字的是
4,入门基础,以下哪一项在 Python 中被视为注释?
5,入门基础,Python为源文件指定的默认字符编码是
6,入门基础,下载但不安装一个第三方库的命名格式是
7,入门基础,在Python语言中，IPO模式不包括
8,入门基础,以下关于Python语言技术特点的描述中，错误的是
9,入门基础,"以下代码的输出结果是
print(0.1+0.2==0.3)"
10,入门基础,Python 受哪些语言启发
11,入门基础,以下关于程序设计语言的描述，错误的选项是
12,入门基础,以下关于Python字符编码的描述中，错误的是
13,入门基础,以下不是Python语言特点的是
14,入门基础,"以下代码的输出结果是
x='A\0B\0C'
print(len(x))"
15,入门基础,以下不属于Python语言保留字的是
16,入门基础,以下哪个语句用于连接两个字符串？
17,入门基础,拟在屏幕上打印输出Hel1oWorld，使用的Python语句是
18,入门基础,Python 文件扩展名是
19,入门基础,以下关于语言类型的描述中，错误的是
20,入门基础,在Python语言中，不能作为变量名的是
21,入门基础,以下关于Python缩进的描述中，错误的是
22,入门基础,以下选项不属于Python语言特点的是
23,基础语法,以下符合Python语言变量命名规则的是
24,基础语法,以下不是Python语言保留字的是
25,基础语法,以下关于Python程序语法元素的描述，正确的选项是
26,基础语法,Python语言中用来表示代码块所属关系的语法是
27,基础语法,以下不是Python语言保留字的是
28,基础语法,以下关于二进制整数的定义，正确的是
29,基础语法,下列关于Python中的垃圾回收机制的说法，正确的是？
30,基础语法,"执行以下程序，输出结果是
y='中文'
x='中文字'
print(x>y)"
31,基础语法,Python中，with语句主要用于什么场景？
32,基础语法,Python中，下列哪个运算符用于比较两个值是否相等？
33,基础语法,以下选项，不是Python保留字的选项是
34,基础语法,以下变量名中，不符合Python语言变量命名规则的是
35,基础语法,以下选项，错误的是
36,基础语法,Python中，下列哪个选项不是合法的变量名？
37,基础语法,下列关于Python中的装饰器语法，正确的是？
38,基础语法,Python中，下列哪个选项可以创建一个线程？
39,基础语法,下列关于Python生成器的说法，正确的是？
40,基础语法,以下保留字不属于分支或循环逻辑的是
41,基础语法,以下选项，不是Python保留字的选项是
42,基础语法,Python中，下列哪个选项可以创建一个生成器？
43,基础语法,以下描述错误的是
44,基础语法,以下关于Python函数的描述中，错误的是
45,基础语法,下列关于Python装饰器的说法，正确的是？
46,基础语法,以下关于Python语言浮点数类型的描述中，错误的是
47,基础语法,以下的描述中，不属于Python语言控制结构的是
48,基础语法,Python中，如何导入一个模块？
49,基础语法,下列关于Python闭包的说法，正确的是？
50,变量类型,以下关于Python全局变量和局部变量的描述中，错误的是
51,变量类型,Python中，下列哪种数据类型是不可变的？
52,变量类型,以下不是Python组合数据类型的是
53,变量类型,以下不是Python组合数据类型的是
54,变量类型,Python语言提供三种基本的数字类型，它们是
55,变量类型,在Python语言中，不属于组合数据类型的是
56,变量类型,以下关于Python全局变量和局部变量的描述中，错误的是
57,变量类型,Python中，用于表示字符串的数据类型是？
58,变量类型,关于Python全局变量和局部变量，以下选项描述错误的是
59,变量类型,如果Python程序执行时产生了“TypeErrar的错误，其原因是
60,运算符,位运算符，按位异或运算的符号是
61,运算符,整数除法（向下取整）的运算符是
62,运算符,以下不是Python语言所使用特殊含义符号的是
63,运算符,位运算符，按位与运算的符号是
64,运算符,右移运算符是
65,运算符,比较两个变量是否相等的运算符是
66,运算符,赋值运算符，将一个值赋给一个变量，是
67,运算符,以下不是Pythan语言所使用特殊含义符号的是
68,运算符,复合赋值运算符，同时进行运算和赋值，例如+=，是
69,运算符,比较两个变量是否不相等的运算符是
70,运算符,逻辑“或”运算的运算符是
71,运算符,运算符的优先级，从高到低依次是
72,运算符,位运算符，按位取反运算的符号是
73,运算符,左移运算符是
74,运算符,成员运算符，用于判断一个元素是否在序列中，是
75,运算符,位运算符，按位或运算的符号是
76,运算符,取模运算（求余）的运算符是
77,运算符,幂运算的运算符是
78,运算符,逻辑“非”运算的运算符是
79,运算符,以下哪个运算符用于字符串的连接
80,运算符,逻辑“与”运算的运算符是
81,运算符,身份运算符，用于判断两个变量是否引用同一个对象，是
82,条件语句,以下关于Python分支的描述中，错误的是
83,条件语句,Python中，if语句的关键字是？
84,条件语句,"以下程序的输出结果是
x=10
y=0
if (x>5) or (x/y>5)：
	print('Right')
e1se:
	print('Wrong')"
85,条件语句,"以下代码的输出结果是
def fibRate(n):
	if n<=0:
		return -1
	elif n==1:
		return -l
	elif n==2:
		return 1
	e1se:
		L= [1,1]
		for i in range(2,n)：
			L.append(L[-1]+L[-2])
		return L[-2]/L[-1]
print(fibRate(5))"
86,条件语句,"以下代码的输出结果是
def young(age):
	if 12 <= age<=17:
		print(“作为一个大学生，你很年轻”)
	elif age <12:
		print(“作为一个大学生，你太年轻了”)
	elif age <=28:
		print(“作为一个大学生，你要努力学习”)
	e1se:
		print(“作为一个大学生，你很有毅力”)
young(18)"
87,条件语句,以下关于分支结构的描述中，错误的是
88,条件语句,"键盘输入数字5，以下代码的输出结果是
n=eval(input(""请输入一个整数：""))
s = 0
if n>=5:
	n -= 1
	s = 4
if n<5:
	n-=1
	s=3
print(s)"
89,条件语句,以下关于Python语言的描述中，正确的是
90,条件语句,"以下代码的输出结果是
def Hello(famlyName，age)：
	if age > 50:
		print('您好！'+famlyName+'大爷')
	elif age > 40：
		print('您好！'+famlyName+'叔叔')
	elif age > 30:
		print('您好！'+famlyNane+'大哥')
	e1se:
		print('您好！'+'小'+famlyNane)
Hello(age=60，famlyName='王')"
91,条件语句,"以下程序的输出结果是
ls=[12,44,23,46]
for i in ls:
	if i=='44':
		print('found it! i=', i)
		break
	else:
		print('not found it ...')"
92,循环语句,关于Python无限循环，以下选项描述错误的是
93,循环语句,"以下程序的输出结果是
for c in 'Python NCRE'：
	if c=='N：
		break
		print (c)"
94,循环语句,以下关于Python循环结构的描述中，错误的是
95,循环语句,"以下代码的输出结果是
a=[[1,2,3],[4,5,6],[7,8,9]]
s=0
for c in a:
	for j in range(3):
		s += c[j]
print(s)"
96,循环语句,以下关于Python循环结构的描述中，错误的是
97,循环语句,"以下程序的输出结果是
s=10
def run(n)：
	global s
	for i in range(n)：
		s+=i
	return s
print(s, run(5))"
98,循环语句,"以下关于""for<循环变量>in<循环结构>""的描述，错误的是"
99,循环语句,以下保留字不用于循环逻辑的是
100,循环语句,"执行以下程序，输入fish520，输出结果是
W= input()
for x in w:
	if'0'<=x<=
	 continue
	e1se:
		w.replace(x,'')
print(w)"
101,循环语句,在Python语言中，使用for..in.方式形成的循环不能遍历的类型是
102,循环语句,"以下代码的输出结果是
for s in “testatest"":
	if s==""a"" or s==""e"":
		continue
	print(s, end='')"
103,循环语句,"以下代码的输出结果是
fori in range(1,6):
	if i%4==0:
		break
	e1se:
		print(i,end = "","")"
104,循环语句,以下关于分支和循环结构的描述中，错误的是
105,循环语句,"ls=['1','2','3']，以下关于循环结构的描述，错误的是"
106,循环语句,"以下程序的输出结果是
s=2
for i in range(1,10):
	s+=i
print(s)"
107,循环语句,"以下代码的输出结果是
for s in 'PythonNCRE：'
	if s=='N':
		continue
	print(e, end='')"
108,循环语句,"执行以下程序，输ab，然后回车，结果是
k=10
while True:
	s=input('请输入q退出：')
	if s=='a':
		K+=1
		continue
	else:
		k+=2
		break
print(k)"
109,循环语句,以下构成Python循环结构的方法中，正确的是
110,数字,Python中，如何将一个二进制数转换为十进制数
111,数字,Python中，以下哪个函数可以返回一个随机整数
112,数字,在Python中，以下哪个运算符用于位与运算
113,数字,在Python中，以下哪种运算会将结果转换为浮点数
114,数字,Python中，如何将一个十进制数转换为二进制数
115,数字,以下哪个函数可以将一个数四舍五入为整数
116,数字,Python中的复数用什么表示
117,数字,在Python中，以下哪个运算符用于求余
118,数字,以下哪个是Python中的无穷大表示
119,数字,Python中，以下哪种数据类型不支持比较运算
120,数字,以下哪个函数可以将字符串转换为浮点数
121,数字,Python中，如何生成一个指定范围内的随机数
122,数字,Python中的幂运算用什么符号表示
123,数字,以下哪个函数可以计算一个数的绝对值
124,数字,Python中，int类型属于以下哪种数据类型
125,数字,以下哪个是Python中的浮点数表示
126,数字,在Python中，以下哪种方法可以判断一个数是否为偶数
127,数字,Python中的数学库是什么
128,字符串,s='1234567890'，以下表示1234的选项是
129,字符串,Python中，如何将一个字符串转换为整数？
130,字符串,以下关于字符串类型的操作的描述，正确的是
131,字符串,"以下程序的输出结果是
x=4
ca='123456'
if str(x) in ca:
	print(ca.replace(ca[x]，str(x-2)))"
132,字符串,"设str1='python'，语句print(strl.center(10,*))的执行结果是"
133,字符串,设str1='*@pythan@*’，语句print(str1[2:].stip('@'))的执行结果是
134,字符串,"以下程序的输出结果是
for i in 'Nation':
	for k in range(2):
		if i=='n':
			break
		print(i，end='')"
135,字符串,以下关于Python字符串的描述中，错误的是
136,字符串,字符串tstr='television'，显示结果为vi的选项是
137,字符串,Python中，如何判断一个字符串是否包含某个子串？
138,字符串,"以下代码的输出结果是
print('{:@>10.6}'.format('Fog'))"
139,字符串,"以下代码的输出结果是
for s in 'HelloWorld':
	if s=='W':
		continue
	print (s, end='')"
140,列表,"以下程序的输出结果是
ls=['aa',[2,3,3.0]]
print(ls.index(2))"
141,列表,下列哪个选项是Python中正确的列表推导式，用于生成一个包含0到9的列表？
142,列表,以下关于数据维度的描述，错误的是
143,列表,"以下代码的输出结果是
1s=['2020', '20.20', 'Python']
ls,append(2020)
1s.append([2020，'2020'])
print(ls)"
144,列表,"二维列表ls=[[9,8],[7,6],[5,4],[3,2],[1,0]]，能够获得数字4的选项是"
145,列表,"以下代码的输出结果是
S= 'Pame'
for i in range(len(S))
	print(S[-il，end='')"
146,列表,以下用来处理Python列表的方法中，错误的是
147,列表,"以下程序的输出结果是
ls1=[1.2.3.4.5]
ls2=ls1
ls2.reverse()
print(lsl)"
148,列表,"以下程序的输出结果是
ls=[1,2,3]
lt=[4,5，6]
print(ls+lt)"
149,列表,"以下代码的输出结果是
1s = ['car','truck2']
def funC(A)：
	ls.append(A)
	return
func('bus')
print(ls)"
150,列表,对于序列s，能够返回序列s中第i到第i以1为步长的子序列的表达是
151,列表,"以下程序的输出结果是
L1=[1,2,3,4]
L2=Ll.copy()
L2.reverse()
print(L1)"
152,列表,"以下程序的输出结果是
a=[3,2,1]
for i in a[::-1]:
	print (i,end='')"
153,列表,Python中，列表的索引从哪个位置开始？
154,列表,"给定列表1s=[1，2，3，'1'，'2','3']，其元素包含2种数据类型，列表1s的数据组织维度是"
155,列表,"以下代码的输出结果是
ls=[[1,2,3],[[4,5],6],[7,8]]
print(len(ls))"
156,列表,"以下代码的输出结果是
s=[4,2,9,1]
s.insert(2,3)
print(s)"
157,列表,列表1istV=1ist(range(10))，以下能够输出列表1istV中最大元素的是
158,列表,以下描述中，错误的是
159,列表,"以下程序的输出结果是
ls= [10]
def run(n):
	ls.append(n)
run(5)
print(ls)"
160,列表,"以下程序的输出结果是
ls=['绿茶','乌龙茶','红茶','白茶','黑茶']
x='乌龙茶'
print(ls.index(x,0))"
161,列表,以下描述中，错误的是
162,列表,"以下代码的输出结果是
ls=[]
for m in 'AB':
	for n in 'CD':
		ls.append(mtn)
print (ls)"
163,列表,"以下代码的输出结果是
CList = list(range(5))
print(2 in CList)"
164,列表,以下关于Python列表的描述中，错误的是
165,列表,Python中，下列哪个选项可以正确创建一个包含元素1、2、3的列表？
166,列表,下列哪个选项可以正确地从一个列表中删除重复元素？
167,列表,"以下程序的输出结果是
lt=['绿茶','乌龙茶','红茶','白茶','黑茶']
ls=lt
ls.clear()
print(it)"
168,列表,以下关于列表变量ls操作的描述中，错误的是
169,列表,"以下程序的输出结果是
a=[3,2,1]
b=a[:]
print(b)"
170,列表,列表变量1s共包含10个元素，1s索引的取值范围是
171,列表,"以下代码的输出结果是
vlist = list(range(5))
print(vlist)"
172,列表,对于序列s，以下选项对min(s)描述正确的是
173,列表,"以下代码的输出结果是
ls=['book',23,[2010,'stud1'],20]
print(ls[2][1][-1])"
174,元组,元组的打包和解包是什么
175,元组,元组可以嵌套吗
176,元组,以下关于组合类型的描述，正确的是
177,元组,元组的长度如何获取
178,元组,元组支持哪些操作
179,元组,元组的元素可以修改吗
180,元组,元组的切片操作和列表的切片操作有什么区别
181,元组,元组和列表的主要区别是什么
182,元组,表格类型数据的组织维度最可能是
183,元组,什么时候应该使用元组而不是列表
184,元组,以下关于数据组织的描述中，错误的是
185,元组,元组生成式和列表生成式有什么区别
186,元组,以下关于Python二维数据的描述中，错误的是
187,元组,元组和列表在性能上有何差异
188,元组,元组可以作为集合的元素吗
189,元组,元组可以作为函数的返回值吗
190,元组,如何访问元组中的元素
191,元组,元组在Python中的常见应用场景有哪些
192,元组,元组的常用方法有哪些
193,元组,Python中，元组用什么符号表示
194,元组,元组和字符串有什么相似之处
195,元组,以下关于数据维度的描述，正确的是
196,元组,元组可以作为函数的参数吗
197,元组,元组可以作为字典的键吗
198,元组,以下哪个是正确的元组定义方式
199,字典,"以下代码的输出结果是
d={}
for i in range(26):
	d[chr(i+ord('a'))] = chr((i+13)%26 + ord('a'))
for c in 'Python’：
	rint(d.get(c,c)，end='')"
200,字典,Python中，下列哪个选项是正确的字典操作？
201,字典,"为以下程序填空，使得输出结果是{40:'yuwen', 20：'yingw', 30：'shuxue'}的选项是
tb = {'fyingyui'：20，'shuxue'：30, 'yuwen'：40}
stb={}
for it in tb.items():
	print(it)
print(stb)"
202,字典,表达键值对的字典类型最可能属于的数据组织维度是
203,字典,以下不能用于生成空字典的选项是
204,字典,"以下代码的输出结果是
a={'大海':'蓝色','天空':'灰色','大地':'黑色'}
print(d['大地']，d.get('大地','黄色'))"
205,字典,以下关于Python字典的描述中，错误的是
206,字典,"下面的d是一个字典变量，能够输出数字5的语句是
d={'food':{'cake':1,'egg':5},'cake':2,'egg':3}"
207,字典,关于字典的描述，错误的是
208,字典,"字典d={'Python':123,'C':123,'C++':123},1en(d)的结果是"
209,字典,Python中，字典的键可以是？
210,字典,"以下程序的输出结果是
x=dict()
type(x)"
211,字典,对于字典d，以下选项对d.values()的描述正确的是
212,字典,"以下代码的输出结果是
d= {'food':{'cake':1,'egg':5}}
print(d.get('cake','no this food'))"
213,字典,以下关于Pythan字典变量的定义中，错误的是
214,日期和时间,Python中，如何处理夏令时？
215,日期和时间,time.sleep(2)的作用是：
216,日期和时间,判断两个datetime对象是否相等，可以直接使用：
217,日期和时间,如何将一个datetime对象转换为ISO 8601格式的字符串？
218,日期和时间,如何获取指定日期是星期几？
219,日期和时间,calendar模块的主要功能是：
220,日期和时间,下列哪个选项表示2023年11月11日？
221,日期和时间,Python中，如何获取当前时间的毫秒级精度？
222,日期和时间,"将字符串""2023-11-11 12:34:56""转换为datetime对象，可以使用："
223,日期和时间,如何将一个datetime对象转换为timestamp？
224,日期和时间,将本地时间转换为UTC时间，可以使用：
225,日期和时间,如何计算两个datetime对象之间的时间差？
226,日期和时间,在Python中，表示时区的类是：
227,日期和时间,在Python中，使用%Y表示日期格式中的：
228,日期和时间,计算当前时间3天后的日期，可以使用：
229,日期和时间,Python中，表示日期和时间的标准库是：
230,日期和时间,在Python中，获取当前时间的Unix时间戳（从1970年1月1日0时0分0秒开始的秒数）的方法是：
231,日期和时间,在多线程环境下，如何保证时间操作的准确性？
232,日期和时间,要将datetime对象转换为可读的字符串格式，可以使用：
233,日期和时间,如何将一个字符串表示的时间转换为datetime对象，同时指定格式？
234,函数,以下不是函数作用的选项是
235,函数,以下的函数定义中，错误的是
236,函数,"以下程序被调用后，运行错误的是
def f(x,y=1,z=2)：
	pass"
237,函数,"以下程序的输出结果是
def hub(ss, x=2.0,y=4.0):
	ss += x*y
ss=10
print(ss, hub(es,3))"
238,函数,"以下程序被调用后，能够正确执行的是
def f(x,y=1,z=2)：
	pass"
239,函数,以下关于函数优点的描述中，错误的是
240,函数,关于函数定义，以下形式错误的是
241,函数,Python中，下列哪个选项是正确的函数定义方式？
242,函数,Python中定义函数的关键字是
243,函数,"以下程序的输出结果是
s = 0
def fun(s，n)：
	for i in range(n):
		s+i
print(fun(s,5))"
244,函数,以下关于Python的函数的描述，正确的是
245,函数,以下关于函数返回值的描述中，正确的是
246,函数,以下关于Python语言的描述中，错误的是
247,函数,Python中，函数的参数传递方式有哪些？
248,函数,"关于以下代码的描述中，错误的是
def fact(n):
	s=1
	for i in range(1,n+1):
		s *=i
	return s"
249,函数,以下关于Python语言return语句的描述中，正确的是
250,函数,以下关于函数的描述，正确的是
251,函数,"以下程序的输出结果是
def loc_glo(b=2，a=4):
	global z
	z+=3*a+5*b
	return z
z=10
print(z，loc_glo(4,2))"
252,函数,"以下代码的输出结果是
def func(a，b):
	a *= b
	return a
s = func(5,2)
print(s)"
253,函数,函数中定义了2个参数，并且两个参数都指定了默认值，调用函数时参数个数最少是
254,函数,以下关于Python函数的描述中，错误的是
255,函数,"关于以下代码的描述中，错误的是
def func(a,b):
	c=a**2+b
	b=a
	return c
a=10
b=100
c=func(a,b)+a"
256,函数,以下关于Python函数的描述中，错误的是
257,函数,"以下代码的输出结果是
t=10.5
def above_zero(t):
	return t>0"
258,模块,下列哪种方式可以实现Python中的多线程？
259,模块,Python中，下列哪个选项可以导入一个名为mymodule的模块？
260,模块,下列关于Python模块的说法，正确的是？
261,模块,以下不属于Python的pip工具命令的选项是
262,模块,以下属于turtle库颜色控制函数的是
263,文件操作,f=open()可以打开一个文件，关于的的描述错误的是
264,文件操作,以下关于文件的描述中，错误的是
265,文件操作,以下关于Python二维数组的描述中，错误的是
266,文件操作,在Python语言中，读入CSV文件保存的二维数据，按特定分隔符抽取信息，最可能用到的函数是
267,文件操作,文件的追加写入模式是
268,文件操作,以下不是Python文件操作方法的是
269,文件操作,"以下代码执行后，book.txt文件的内容是
fo= open('book.txt','w')
ls=['book','23','201009','20']
fo.wite(str(1s))
fo.close()"
270,文件操作,以下关于文件的描述中，错误的是
271,文件操作,"文件exam.txt与以下代码在同一目录下，其内容是一段文本：bigBen，以下代码的输出结果是
f=open('exam.txt')
print(f)
f.close()"
272,文件操作,以下对Python文件处理的描述中，错误的是
273,文件操作,"假设city.csv文件内容如下
巴哈马,巴林,孟加拉国,巴巴多斯
白俄罗斯,比利时,伯利兹
以下代码的输出结果是：
f= open('city.csv','r')
ls=f.read().split(',')
f.close()
print(ls)"
274,文件操作,不属于Python文件读操作的是
275,文件操作,以下不是Python文件读写方法的是
276,文件操作,以下关于文件的描述，错误的是
277,文件操作,"以下代码的输出结果是
fo = open('book,txt','w')
ls=['book','23','201009','20']
fo.writelines(ls)
fo.close()"
278,文件操作,Python中，下列哪个选项可以正确打开一个文件并以追加模式写入？
279,文件操作,关于Python文件打开模式，表示错误的是
280,文件操作,以下不属于Python文件操作方法的是
281,文件操作,"文件book.txt在当前代码所在目录内，其内容是一段文本：book，以下代码的输出结果是
txt= open('book.txt，'r')
print(txt)
txt.close()"
282,文件操作,在进行csv文件读写时，最不可能使用的字符串处理方法是
283,文件操作,以下对CSV格式描述正确的是
284,文件操作,在读写文件之前，需要打开文件使用的函数是
285,文件操作,在Pythan语言中，使用open()打开一个Windows操作系统D盘下文件，路径名错误的是
286,文件操作,在Python语言中，写文件的操作是
287,文件操作,以下关于CSV文件的描述中，错误的是
288,文件操作,在Python语言中，将二维数据写入CSV文件，最可能使用的函数是
289,文件操作,以下关于Python文件打开模式的描述中，错误的是
290,文件操作,以下关于文件的描述，错误的是
291,异常处理,"当用户输入5时，下面代码的输出结果是
try：
	n=input('请输入一个整数：')
	def pow2(n):
		return n**2
	pow2(n)
except:
	print('程序执行错误')"
292,异常处理,"键盘输入数字5，以下代码的输出结果是
try：
n=input(""请输入一个整数："")
	def pow2(n):
		return ntn
except：
	print(""程序执行错误"")"
293,异常处理,以下关于Python语言中try语句的描述中，错误是
294,异常处理,下列关于Python异常处理的说法，错误的是？
295,异常处理,Python中，下列哪个选项是正确的异常处理语句？
296,异常处理,以下保留字不用于异常处理逻辑的是
297,面向对象,下列关于Python面向对象编程的说法，正确的是？
298,面向对象,Python中，面向对象编程的三大特性是？
299,面向对象,Python中，如何定义一个类的构造函数？
300,面向对象,Python中，下列哪个选项是正确的类定义方式？
301,数学模块,"生成一个[1,99]之间随机整数的函数是"
302,数学模块,生成一个k比特长度随机整数的函数是
303,数学模块,"以下代码的输出结果是
while True:
	guess = eval(input())
	if guess == 0x452//2:
		break
print (guess)"
304,数学模块,表达式3+5%6*2//8的值是
305,数学模块,表达式3*4**2//8%7的计算结果是
306,数学模块,"以下代码的输出结果是
x=2 + 9 * ((3*12) -8) // 10 
print(x)"
307,数学模块,"以下程序的输出结果不可能的选项是
import random
1s=[2,3,4,6]
s=10
k=random.randint(0,2)
s+=ls[k]
print(s)"
308,内置函数,以下关于Python函数的描述中，正确的是
309,内置函数,"以下代码绘制的图形是
import turtle as t
for i in range(1,5):
	t.fd(50)
	t.left(90)"
310,内置函数,"以下程序的输出结果是
ss = set('htslbht)
sorted(ss)
for i in ss:
	print(i, end='')"
311,内置函数,time库的time.time()函数作用是
312,内置函数,x=2.6，表达式raund(x)的结果是
313,内置函数,"表达式divmod(40,3)的结果是"
314,内置函数,表达式type(type('45'))的结果是
315,内置函数,以下关于随机运算函数库的描述，错误的是
316,内置函数,下列函数中，不是Python内置函数的是
317,内置函数,变量tstr='kip520'，表达式eval(tstr[3:-1])的结果是
318,内置函数,关于表达式id('45')的结果的描述，错误的是
319,内置函数,"以下程序的输出结果是
x=3.1415926
print(round(x,2),round(x))"
320,内置函数,函数chr(x)的作用是
321,内置函数,"执行以下程序，导致输出""输入有误""的输入选项是
try：
	ls= eval(input())*2
	print(ls)
except:
	print('输入有误')"
322,内置函数,以下方法能返回列表数据类型的选项是
323,内置函数,"以下代码的输出结果是
a=10.99
print (complex(a))"
324,内置函数,下列函数中，不是Python内置函数的是
325,内置函数,表达式eval('500//10')的结果是
326,内置函数,"执行以下程序，输出结果是
y=[' ','']
print(all(y),any(y))"
327,生态,在Python语言中，能够处理图像的第三方库是
328,生态,random库采用更多随机数生成算法是
329,生态,在Python语言中，属于网络爬虫领域的第三方库是
330,生态,在Python语言中，用来安装第三方库的工具是
331,生态,以下不属于人工智能领域的Python第三方库是
332,生态,以下不属于Python数据分析领域第三方库的是
333,生态,以下用于计算机视觉领域的Python第三方库是
334,生态,在Python语言中，包含矩阵运算的第三方库是
335,生态,用pyinstaller工具打包Python源文件时-F参数的含义是
336,生态,以下属于Python机器学习领域第三方库的是
337,生态,以下关于turtle库的描述，错误的是
338,生态,以下不属于Python的pip工具命令的选项是
339,生态,以下不属于网络爬虫领域的Python第三方库是
340,生态,在Python语言中，不属于Web开发框架第三方库的是
341,生态,不属于Python开发用户界面第三方库的是
342,生态,不属于Python数据分析及可视化处理第三方库的是
343,生态,以下不属于Web开发框架的Python第三方库是
344,生态,用Pyinstaller工具把Python源文件打包成一个独立的可执行文件，使用的参数是
345,生态,在Python语言中，不属于机器学习领域第三方库的是
346,生态,不属于Python用于Web开发第三方库的是
347,生态,以下不属于数据分析领域的Python第三方库是
348,生态,turtle画图结束后，让画面停顿，不立即关掉窗口的方法是
349,生态,以下用于数据存储领域的Python第三方库是
350,生态,在Python语言中，用于数据分析的第三方库是
351,生态,第三方库Beautifulsoup4的功能是
